Name,Slug,Post Summary,Education,Finance,Healthcare,Professional Services,Human Resources Coordinator,Compliance Officer,Finance Manager,Operations Manager,IT Manager,Legal Advisor,Talent Acquisition Manager,Procurement Manager,HR Director,Head of HR
A comprehensive guide to HR tech integrations in healthcare,guide-hr-tech-integrations-healthcare,,FALSE,FALSE,TRUE,FALSE,FALSE,FALSE,FALSE,FALSE,FALSE,FALSE,FALSE,FALSE,FALSE,FALSE
Achieving success in recruitment: The importance of stakeholder collaboration,recruitment-stakeholder-collaboration,,FALSE,FALSE,FALSE,FALSE,FALSE,FALSE,FALSE,FALSE,FALSE,FALSE,FALSE,FALSE,TRUE,TRUE
An employers' guide to adverse media checks,an-employers-guide-to-adverse-media-checks,,FALSE,FALSE,FALSE,TRUE,FALSE,FALSE,FALSE,FALSE,FALSE,FALSE,FALSE,FALSE,FALSE,FALSE
Announcement: Zinc are iso 27001 certified,iso-27001-certified-zinc,This certification proves that their data security practices meet the highest international standards.,FALSE,FALSE,FALSE,FALSE,FALSE,FALSE,FALSE,FALSE,TRUE,TRUE,FALSE,FALSE,FALSE,FALSE
Anticipating and adapting to HR industry shifts and disruptions,anticipating-hr-shifts-disruptions,,FALSE,FALSE,FALSE,FALSE,FALSE,FALSE,FALSE,FALSE,FALSE,FALSE,FALSE,FALSE,TRUE,TRUE
Ashby ATS integrates with Zinc,ashby-integration-zinc,,FALSE,FALSE,FALSE,FALSE,FALSE,FALSE,FALSE,FALSE,FALSE,FALSE,FALSE,FALSE,FALSE,FALSE
Background checking practice for global teams,background-checking-for-global-teams,A background check is an essential part of the hiring process for any global team. Make sure you are aware of the different laws and regulations regarding background checks in different countries.,FALSE,FALSE,FALSE,FALSE,FALSE,FALSE,FALSE,TRUE,FALSE,FALSE,FALSE,FALSE,TRUE,TRUE
Calculating the ROI of employee background checks,roi-employee-background-checks,,FALSE,FALSE,FALSE,FALSE,FALSE,FALSE,FALSE,FALSE,FALSE,FALSE,FALSE,FALSE,TRUE,TRUE
Check professional & academic qualifications,check-professional-academic-qualifications,,TRUE,TRUE,TRUE,TRUE,TRUE,FALSE,FALSE,FALSE,FALSE,FALSE,TRUE,FALSE,FALSE,FALSE
Combatting unconscious bias in tech recruitment,unconscious-bias-in-tech,Understand how unconscious bias can impact your recruitment process and combat it.,FALSE,FALSE,FALSE,FALSE,TRUE,FALSE,FALSE,FALSE,FALSE,FALSE,TRUE,FALSE,FALSE,FALSE
Compliance: sanctions and watchlist checks for employers (+case study) ,employer-compliance-sanctions-watchlist,,TRUE,TRUE,TRUE,TRUE,FALSE,FALSE,FALSE,FALSE,FALSE,FALSE,FALSE,FALSE,FALSE,FALSE
CQC background check requirements,cqc-recruiting-requirements,,FALSE,FALSE,TRUE,FALSE,FALSE,FALSE,FALSE,FALSE,FALSE,FALSE,FALSE,FALSE,FALSE,FALSE
Creating a startup headcount plan,creating-a-startup-headcount-plan,We've shared our experience using market data to help you create your headcount plans for 2023,FALSE,FALSE,FALSE,FALSE,FALSE,FALSE,FALSE,FALSE,FALSE,FALSE,FALSE,FALSE,FALSE,TRUE
Culture add or culture fit?,culture-add-culture-fit,"When hiring, how you take culture into account depends on your company's needs.",FALSE,FALSE,FALSE,FALSE,TRUE,FALSE,FALSE,FALSE,FALSE,FALSE,FALSE,FALSE,FALSE,FALSE
Customer spotlight blog: lendinvest,customer-spotlight-blog-lendinvest,We caught up with LendInvest to find out their top talent tips and why they use Zinc,FALSE,TRUE,FALSE,FALSE,FALSE,FALSE,FALSE,FALSE,FALSE,FALSE,FALSE,FALSE,FALSE,FALSE
"DBS checks levels: Basic, Standard and Enhanced",dbs-checks-levels,,TRUE,FALSE,TRUE,FALSE,FALSE,FALSE,FALSE,FALSE,FALSE,FALSE,FALSE,FALSE,FALSE,FALSE
Directorship checks: Benefits of senior management screening,directorship-checks-benefits,,FALSE,FALSE,FALSE,FALSE,TRUE,FALSE,FALSE,FALSE,FALSE,FALSE,TRUE,FALSE,FALSE,FALSE
Employment background checks in the construction and manufacturing industry,construction-manufacturing-background-checks,,FALSE,FALSE,FALSE,FALSE,TRUE,FALSE,FALSE,FALSE,FALSE,FALSE,FALSE,FALSE,FALSE,FALSE
Essential HR tech stack tools for startups,hr-tech-tools-startups,,FALSE,FALSE,FALSE,FALSE,FALSE,FALSE,FALSE,TRUE,TRUE,FALSE,FALSE,FALSE,FALSE,FALSE
Get Employment Verification references from HMRC in seconds,instant-employment-verification-references,,FALSE,FALSE,FALSE,FALSE,TRUE,TRUE,FALSE,TRUE,FALSE,FALSE,FALSE,FALSE,FALSE,FALSE
Global directorships checks launch,global-directorships-checks,,FALSE,FALSE,FALSE,FALSE,TRUE,FALSE,FALSE,FALSE,FALSE,FALSE,TRUE,FALSE,FALSE,FALSE
Hiring failures: can you avoid them?,hiring-failures,Hiring failures can be costly and embarrassing for any company. Make sure you know what to look for in a candidate and use reliable screening methods to avoid making costly mistakes.,FALSE,FALSE,FALSE,FALSE,TRUE,FALSE,FALSE,FALSE,FALSE,FALSE,TRUE,FALSE,FALSE,FALSE
Hiring your Chief of Staff too early?,hiring-chief-of-staffl,,FALSE,FALSE,FALSE,FALSE,TRUE,FALSE,FALSE,FALSE,FALSE,FALSE,FALSE,TRUE,FALSE,TRUE
How background checks improve onboarding for new healthcare hires,improve-onboarding-healthcare-hires,,FALSE,FALSE,TRUE,FALSE,FALSE,FALSE,FALSE,FALSE,FALSE,FALSE,FALSE,FALSE,FALSE,FALSE
How background checks protect you from insider threats,background-checks-prevent-insider-threats,,FALSE,TRUE,FALSE,FALSE,FALSE,TRUE,FALSE,TRUE,FALSE,TRUE,FALSE,FALSE,TRUE,TRUE
How to choose an ATS for your HR department: ATS buying guide,ats-buying-guide,,FALSE,FALSE,FALSE,FALSE,TRUE,FALSE,FALSE,TRUE,TRUE,FALSE,TRUE,TRUE,FALSE,FALSE
How to choose an HRIS: software buying guide,hris-software-buying-guide,,FALSE,FALSE,FALSE,FALSE,TRUE,FALSE,FALSE,TRUE,TRUE,FALSE,TRUE,TRUE,FALSE,FALSE
How to improve candidate experience with health & wellbeing,candidate-experience-health-wellbeing,An essential guide for employers to implement health and wellbeing initiatives across the entire business,FALSE,FALSE,FALSE,FALSE,TRUE,FALSE,FALSE,FALSE,FALSE,FALSE,TRUE,FALSE,FALSE,FALSE
How to make your reference checks effective,collect-references-effectively,Make sure you are getting the most out of references by following these steps.,FALSE,FALSE,FALSE,FALSE,TRUE,FALSE,FALSE,FALSE,FALSE,FALSE,TRUE,FALSE,FALSE,FALSE
How to recover from key talent loss ,recover-talent-loss,,FALSE,FALSE,FALSE,FALSE,FALSE,FALSE,FALSE,TRUE,FALSE,FALSE,FALSE,FALSE,TRUE,TRUE
HR data security stats: securing your people data,hr-data-security-stats-securing-your-people-data,HR data is some of the most sensitive data a company can possess. Make sure you understand the risks involved in storing and transmitting this data and take steps to protect it from unauthorized access.,FALSE,FALSE,FALSE,FALSE,FALSE,TRUE,FALSE,FALSE,TRUE,FALSE,FALSE,FALSE,FALSE,TRUE
HR tech an enabler or disabler?,hrtech-an-enabler-or-disabler,This post explores the pros and cons of HR tech and how to best utilize it for your organization.,FALSE,FALSE,FALSE,FALSE,FALSE,FALSE,FALSE,FALSE,TRUE,FALSE,FALSE,FALSE,FALSE,FALSE
Instant global Qualification certificate check ,global-qualification-certificate-check,,FALSE,FALSE,FALSE,FALSE,TRUE,FALSE,FALSE,TRUE,FALSE,FALSE,TRUE,FALSE,FALSE,FALSE
International employment background checks: global challenges,international-employment-background-checks,,FALSE,FALSE,FALSE,FALSE,FALSE,FALSE,FALSE,TRUE,FALSE,FALSE,FALSE,FALSE,FALSE,FALSE
​​Leading through change: effective strategies for HR,effective-strategies-hr,,FALSE,FALSE,FALSE,FALSE,FALSE,FALSE,FALSE,TRUE,FALSE,FALSE,FALSE,FALSE,TRUE,TRUE
Making the case for increased HR tech adoption in healthcare,healthcare-case-study-recruitment,,FALSE,FALSE,FALSE,FALSE,FALSE,FALSE,FALSE,TRUE,TRUE,FALSE,FALSE,TRUE,TRUE,TRUE
Perfecting your interview process for building remote teams,perfecting-your-interview-process,his post outlines some tips for perfecting your interview process so that you can find the best remote talent for your team.,FALSE,FALSE,FALSE,FALSE,FALSE,FALSE,FALSE,TRUE,FALSE,FALSE,FALSE,FALSE,FALSE,FALSE
Recruitment challenges in the financial sector,recruitment-challenges-finance,,FALSE,TRUE,FALSE,FALSE,FALSE,FALSE,FALSE,FALSE,FALSE,FALSE,FALSE,FALSE,FALSE,FALSE
Regulated hiring made simple: How insuretech Superscript leveraged automated integration,case-study-hiring-insuretech-superscript,,FALSE,TRUE,FALSE,FALSE,FALSE,TRUE,FALSE,TRUE,FALSE,FALSE,FALSE,FALSE,FALSE,FALSE
Right to work changes in the UK 2023: An employer's guide,right-to-work-uk-2023,,FALSE,FALSE,FALSE,FALSE,TRUE,TRUE,FALSE,FALSE,FALSE,FALSE,FALSE,FALSE,FALSE,FALSE
Right to work check changes 2022,right-to-work-2022,Learn about the right to work changes coming in 2022 and how they'll affect you.,FALSE,FALSE,FALSE,FALSE,TRUE,TRUE,FALSE,FALSE,FALSE,FALSE,FALSE,FALSE,FALSE,FALSE
Right to work check changes 2022 uk: what you need to know,right-to-work-changes-2022-what-you-need-to-know,Check your documents against the checklist to make sure you're ready for a UK right-to-work check.,FALSE,FALSE,FALSE,FALSE,TRUE,TRUE,FALSE,FALSE,FALSE,FALSE,FALSE,FALSE,FALSE,FALSE
Scaling HR tech stacks: from startup to enterprise,hr-tech-stack,,FALSE,FALSE,FALSE,FALSE,FALSE,TRUE,FALSE,TRUE,FALSE,FALSE,FALSE,TRUE,FALSE,FALSE
SMCR: what checks should I be conducting?,smcr-what-checks-should-i-be-conducting,Find out what SMCR checks you should be conducting and automate the process where possible.,FALSE,TRUE,FALSE,FALSE,FALSE,FALSE,FALSE,FALSE,FALSE,FALSE,FALSE,FALSE,FALSE,FALSE
Streamlining the hiring process through automation,streamlining-the-hiring-process-through-automation,Streamline your hiring process with automation tools.,FALSE,FALSE,FALSE,FALSE,FALSE,FALSE,FALSE,TRUE,TRUE,FALSE,FALSE,FALSE,FALSE,FALSE
The benefits of outsourcing background checks to third-party providers,outsourcing-background-checks-third-party,,FALSE,FALSE,FALSE,FALSE,FALSE,FALSE,FALSE,TRUE,FALSE,FALSE,FALSE,FALSE,FALSE,FALSE
The best 6 candidate experience tools,7-tools-to-boost-candidate-experience,Here are our top picks of candidate experience tools you need to try,FALSE,FALSE,FALSE,FALSE,TRUE,FALSE,FALSE,FALSE,FALSE,FALSE,TRUE,FALSE,FALSE,FALSE
The best questions to ask when checking references,best-questions-reference-check,"We reveal what reference questions you need to ask, what questions to avoid and why.",FALSE,FALSE,FALSE,FALSE,TRUE,FALSE,FALSE,FALSE,FALSE,FALSE,TRUE,FALSE,FALSE,FALSE
The cost of conducting video interviews,video-interviews-fraud,The cost of video interviewing: In a recent LinkedIn poll over half the respondents reported experiencing video interview fraud. ,FALSE,FALSE,FALSE,FALSE,TRUE,FALSE,FALSE,FALSE,FALSE,FALSE,TRUE,FALSE,FALSE,FALSE
The evolution of HR technology and automation,evolution-hr-technology,,FALSE,FALSE,FALSE,FALSE,FALSE,FALSE,FALSE,TRUE,TRUE,FALSE,FALSE,FALSE,FALSE,FALSE
The first reusable global right-to-work check,the-first-reusable-global-right-to-work-check,,FALSE,FALSE,FALSE,FALSE,TRUE,TRUE,FALSE,FALSE,FALSE,FALSE,TRUE,FALSE,FALSE,FALSE
The Role of HR in Driving a Positive Company Culture ,role-hr-positive-company-culture,,FALSE,FALSE,FALSE,FALSE,TRUE,FALSE,FALSE,FALSE,FALSE,FALSE,TRUE,FALSE,FALSE,TRUE
Time-saving strategies for busy hiring managers,time-saving-strategies-for-busy-hiring-managers,"We believe it’s possible for reference checks to be simpler, more transparent and deliver a better experience.",FALSE,FALSE,FALSE,FALSE,TRUE,FALSE,FALSE,FALSE,FALSE,FALSE,TRUE,FALSE,FALSE,FALSE
Top 21 impactful healthtech companies to work for,top-21-impactful-healthtechs-to-work-for,We've selected 21 of our favourite impactful healthtech companies to work for this year.,FALSE,FALSE,TRUE,FALSE,FALSE,FALSE,FALSE,FALSE,FALSE,FALSE,FALSE,FALSE,FALSE,FALSE
Top 30 mission-driven fintech companies to work for in 2022,top-30-mission-driven-fintech-companies,We’ve selected 30 of our favourite mission-driven fintechs to work for this year.,FALSE,TRUE,FALSE,FALSE,FALSE,FALSE,FALSE,FALSE,FALSE,FALSE,FALSE,FALSE,FALSE,FALSE
UK right to work checks: document checklist [+pdf download],right-to-work-document-checklist,Get the inside scoop on UK right to work checks with this handy document checklist.,FALSE,FALSE,FALSE,FALSE,FALSE,TRUE,FALSE,FALSE,FALSE,FALSE,FALSE,FALSE,FALSE,FALSE
Understanding BS7858 background employment screening standard,bs7858-employment-screening-standard,,FALSE,FALSE,FALSE,TRUE,FALSE,FALSE,FALSE,FALSE,FALSE,FALSE,FALSE,FALSE,FALSE,FALSE
What background checks should I do as a tech scaleup?,what-background-checks-should-i-conduct,"So, down to business—which background checks are required in tech scaleups?",FALSE,FALSE,FALSE,FALSE,FALSE,FALSE,FALSE,FALSE,FALSE,FALSE,FALSE,FALSE,TRUE,TRUE
Why background checks are crucial for ISO 27001 certification,background-checks-iso-27001,,FALSE,TRUE,FALSE,FALSE,FALSE,FALSE,FALSE,TRUE,TRUE,FALSE,FALSE,TRUE,FALSE,FALSE
Why background checks are important for SOC 1 and SOC 2 compliance ,soc1-soc2-background-checks,,FALSE,FALSE,FALSE,FALSE,FALSE,FALSE,FALSE,TRUE,TRUE,FALSE,FALSE,TRUE,FALSE,FALSE
Why you should hire a talent person earlier than you think,hiring-your-first-talent-person,On average the first talent person is hire number 37. We brought ours in as hire number 10. Here’s why…,FALSE,FALSE,FALSE,FALSE,FALSE,FALSE,FALSE,FALSE,FALSE,FALSE,FALSE,FALSE,FALSE,FALSE
Zinc awarded  UK government Trust Framework certification,zinc-uk-trust-framework-certification,,FALSE,FALSE,FALSE,FALSE,FALSE,TRUE,FALSE,TRUE,FALSE,FALSE,FALSE,TRUE,TRUE,TRUE
Zinc product update: azure active directory single sign-on,azure-single-sign-on,,FALSE,FALSE,FALSE,FALSE,FALSE,FALSE,FALSE,FALSE,TRUE,FALSE,FALSE,FALSE,FALSE,FALSE
Zinc product update: Google workspace single sign-on,google-workspace-single-sign-on,"Keep up with the latest Zinc product updates, now with Google Workspace single sign-on support.",FALSE,FALSE,FALSE,FALSE,FALSE,FALSE,FALSE,FALSE,TRUE,FALSE,FALSE,FALSE,FALSE,FALSE
Zinc product update: Okta single sign-on,zinc-product-update-okta-single-sign-on,"Stay up to date with the latest product updates from Zinc, including Google and Okta single sign-on support.",FALSE,FALSE,FALSE,FALSE,FALSE,FALSE,FALSE,FALSE,TRUE,FALSE,FALSE,FALSE,FALSE,FALSE
