Job Name,Importance,Current Solutions,Pain Points,How Zinc Work Helps,Trigger,Mapped Role,Industry
Conducting Background Checks for Potential Hires,Speed up time to hire,"Manual background checks, third-party services","Verification delays, cost","Automates and speeds up the process, reducing cost and time",High talent acquisition costs and inefficiency prompt action,Talent Acquisition Manager,Finance
Conducting Background Checks for Potential Hires,Ensure accurate and compliant hiring,Relying on manual processes or external agencies,"Inconsistency, potential compliance issues","Provides a consistent, compliant, and efficient background check process",Need for reliable and compliant hiring practices,Human Resources Coordinator,Finance
Ensure Operational Efficiency in Recruitment Process,Improve recruitment process,Manual recruitment methods,"Inefficiency, time-to-hire",Streamlines recruitment through automation,Slow recruitment process triggers need for solution,HR Director,Finance
Ensure Operational Efficiency in Recruitment Process,Streamline operational workflows,Various disconnected tools,"Process inefficiencies, lack of integration",Offers integrated solutions to improve operational efficiency,Need to enhance overall operational productivity,Operations Manager,Finance
Managing Compliance in Hiring,Maintain legal compliance,"Manual tracking, external legal consultations","Risk of non-compliance, resource-intensive",Ensures compliant background check processes,Changes in regulatory environment,Compliance Officer,Finance
Managing Compliance in Hiring,Oversee legal aspects of hiring,"Legal team consultations, ad-hoc checks","Time-consuming, potential for oversight","Streamlines legal compliance in hiring, reducing time and effort",Legal updates or changes in compliance requirements,Legal Advisor,Finance
Budgeting for Hiring Processes,Optimize hiring costs,"Traditional hiring methods, varying vendor costs","High operational costs, unpredictability","Provides a cost-effective, transparent solution","Budget constraints, need for cost-effective solutions",Finance Manager,Finance
Budgeting for Hiring Processes,Manage procurement efficiently,"Engaging multiple vendors, manual negotiation","Complexity in vendor management, inconsistent costs",Streamlines vendor management and offers cost-effective solutions,"Need for streamlined, cost-efficient procurement processes",Procurement Manager,Finance
Integrating Background Checks with IT Systems,Seamless technological integration,"Disparate software systems, manual data entry","System incompatibilities, data errors",Facilitates easy integration with IT infrastructure,Need for better system integration and data accuracy,IT Manager,
Implementing and managing background checking processes for efficiency and effectiveness.,High operational efficiency,"Manual processes, inconsistent methodologies","Time-consuming, prone to human error","Streamlines processes, introduces standardization",Inefficiency in current process,Human Resources Coordinator,
Acting as a liaison between candidates and the background checking system.,Effective communication,"Direct communication channels, manual follow-ups","Miscommunications, delays",Enhances candidate experience and communication clarity,Need for improved candidate engagement,Human Resources Coordinator,
Ensuring data accuracy and timely processing of background checks.,Accuracy and timeliness,"Manual verification, regular audits","Errors, delays in processing",Automates and verifies data for accuracy and speed,Frequent data errors and delays,Human Resources Coordinator,
Regularly reviewing and updating background check policies to ensure legal compliance.,Legal compliance,"Policy reviews, legal consultations","Outdated policies, legal risks",Provides updates on legal changes and compliance requirements,Changes in legal regulations,Compliance Officer,
Monitoring and auditing background check processes for adherence to regulations.,Regulatory compliance,"Regular audits, compliance checks","Non-compliance risks, oversight issues",Enables continuous monitoring and compliance reporting,Regulatory changes and risks,Compliance Officer,
Providing guidance on data privacy and legal implications of background checks.,Data privacy and legal guidance,"Legal advisories, privacy policies","Legal complexities, privacy concerns",Offers expert advice and up-to-date legal information,Privacy concerns and legal challenges,Compliance Officer,
Overseeing the budget allocated for background checking processes.,Budget management,"Budget planning, regular reviews","Overspending, inefficient resource allocation",Provides cost-effective solutions and budget oversight,Need for budget optimization,Finance Manager,
Assessing the cost-effectiveness of background checking methods and tools.,Cost-effectiveness,"Cost-benefit analysis, vendor evaluation","High costs, low ROI",Evaluates and recommends cost-effective options,High operational costs,Finance Manager,
Ensuring financial resources are optimally used for background check activities.,Optimal resource utilization,"Budget allocation, financial planning","Misallocation of resources, budget constraints",Ensures efficient use of financial resources,Budget limitations,Finance Manager,
Coordinating the verification of educational credentials as part of background checks.,Verification accuracy,"Coordination with educational institutions, database checks",Inaccurate or outdated information,Ensures accurate and up-to-date verification,Inaccuracies in educational credentials,Educational Coordinator,
Ensuring that educational background checks align with job requirements.,Job requirement alignment,"Job analysis, criteria mapping",Misalignment with job requirements,Aligns educational checks with specific job needs,Mismatch in job requirements,Educational Coordinator,
Facilitating communication with educational institutions for verification processes.,Effective communication,"Direct liaisons, communication channels","Communication barriers, delays",Streamlines communication for faster verification,Communication challenges,Educational Coordinator,
Streamlining operational processes related to background checks.,Operational efficiency,"Process optimization, workflow management","Inefficient processes, operational delays",Introduces efficient workflows and processes,Operational inefficiencies,Operations Manager,
Ensuring that background checks are integrated seamlessly into the overall operational workflow.,Seamless integration,"Process integration, system compatibility","Disjointed workflows, integration issues",Ensures smooth integration into existing workflows,Integration challenges,Operations Manager,
Monitoring the efficiency and effectiveness of the background check process.,Process efficiency and effectiveness,"Performance metrics, regular reviews","Ineffectiveness, inefficiency",Provides tools for monitoring and improving efficiency,Inefficient processes,Operations Manager,
Ensuring the technical infrastructure supports efficient background check processes.,Technical support for efficiency,"IT infrastructure, system upgrades","Inadequate technical support, system limitations",Upgrades and supports IT infrastructure for efficiency,Technological limitations,IT Manager,
Managing IT aspects of background check software and data security.,Software management and data security,"Software management, data security protocols","Security risks, software issues",Manages and secures software effectively,Security concerns,IT Manager,
Facilitating integration of background check systems with other HR technologies.,Integration with HR technologies,"System compatibility checks, integration planning","System incompatibilities, integration challenges",Ensures compatibility and smooth integration,Need for system harmonization,IT Manager,
Advising on legal requirements and implications of background checks.,Legal advisement,"Legal consultation, policy reviews","Legal misunderstandings, non-compliance",Provides legal insight and ensures compliance,Legal complexities,Legal Advisor,
Ensuring that background check procedures are legally compliant.,Legal compliance,"Compliance checks, legal audits","Legal risks, non-compliance",Ensures procedures adhere to legal standards,Compliance issues,Legal Advisor,
Handling legal issues that arise from employment background checks.,Legal issue resolution,"Legal support, dispute resolution","Legal disputes, compliance issues",Offers solutions for legal disputes and compliance,Legal challenges,Legal Advisor,
Integrating background checks into the overall talent acquisition strategy.,Strategic integration,"Strategy development, process alignment","Misalignment with talent strategy, inefficiency",Aligns background checks with talent acquisition goals,Strategic misalignment,Talent Acquisition Manager,
Ensuring background checks align with the criteria for different roles.,Role-specific alignment,"Role analysis, criteria mapping",Misalignment with role requirements,Tailors checks to specific role requirements,Inconsistency with role criteria,Talent Acquisition Manager,
Evaluating the effectiveness of background checks in the hiring process.,Effectiveness in hiring,"Performance metrics, feedback mechanisms","Ineffectiveness, impact on hiring",Assesses and improves the impact on hiring,Ineffective hiring processes,Talent Acquisition Manager,
Selecting and procuring reliable background check services and tools.,Service and tool reliability,"Vendor evaluation, service selection","Unreliable services, inadequate tools",Selects and procures reliable services and tools,Unreliability of current services,Procurement Manager,
Managing contracts and relationships with background check service providers.,Relationship and contract management,"Contract management, relationship building","Contractual issues, poor vendor relations",Manages and optimizes vendor relationships,Vendor management challenges,Procurement Manager,
Ensuring that the procurement of these services is cost-effective and meets organisational needs.,Cost-effective procurement,"Cost analysis, needs assessment","High costs, misaligned services",Ensures cost-effectiveness and alignment with needs,Misalignment with organisational needs,Procurement Manager,
Setting the strategic direction for employment background checking processes.,Strategic direction,"Strategy development, leadership oversight","Lack of strategic focus, inefficiency",Sets and guides the strategic direction,Strategic misdirection,HR Director,
Ensuring that background check practices align with overall HR strategies.,Strategic alignment,"Strategy integration, HR planning",Misalignment with HR strategy,Aligns background checks with HR strategies,Strategic misalignment within HR,HR Director,
Overseeing the implementation of efficient and compliant background check systems.,Implementation oversight,"System implementation, compliance checks","Inefficient implementation, non-compliance",Oversees efficient and compliant implementation,Implementation and compliance issues,HR Director,
"Leading HR initiatives, including establishing best practices for background checks.",Leadership in best practices,"Best practice development, leadership initiatives","Lack of best practices, inconsistent approaches",Leads in establishing and promoting best practices,Inconsistency in practices,Head of HR,
Making high-level decisions about background check policies and tools.,High-level decision making,"Policy formulation, tool selection","Inadequate policies, ineffective tools",Makes informed decisions on policies and tools,Decision-making challenges,Head of HR,
Ensuring that the HR departmentâ€™s approach to background checks supports the organisation's objectives.,Alignment with organisational objectives,"Strategic planning, alignment checks",Misalignment with organisational goals,Ensures HR strategies support organisational objectives,Strategic misalignment,Head of HR,
