Role,Buyer Journey,Responsibilities,Triggers,Role in Buying Decision,Role in Buying Committee,Challenges/Pain Points,Optimum Solution,Decision Making Criteria,Messaging Needs,Influences,Industry
Compliance Officer,Regulatory assessment and approval,Ensuring legal compliance in hiring,Changes in legal requirements,Approver,Consultant,Ensuring compliance with evolving laws,Solution that is fully compliant with industry regulations,"Compliance, reliability, legal soundness",Focus on legal compliance and risk mitigation,"Regulatory changes, legal updates",Finance
Compliance Officer,Evaluation and compliance,Ensuring regulatory and legal compliance,"Regulatory changes, new provider selection",Advisor,Advisory role,Maintaining compliance,Compliance-focused background check system,"Compliance, thoroughness",Focus on regulatory adherence,"Legal requirements, CQC standards",Healthcare
Compliance Officer,Evaluation and compliance,Ensuring regulatory and legal compliance,"Regulatory changes, new provider selection",Advisor,Advisory role,Maintaining compliance,Compliance-focused background check system,"Compliance, thoroughness",Focus on regulatory adherence,"Legal requirements, industry standards",Professional Services
Compliance Officer,Evaluation and compliance,Ensuring regulatory and legal compliance,"Regulatory changes, new provider selection",Advisor,Advisory role,Maintaining compliance,Compliance-focused background check system,"Compliance, thoroughness",Focus on regulatory adherence,"Legal requirements, educational standards",Education
Director of HR,Strategic oversight,"Overseeing HR policies, strategic planning","Organisational strategy, HR needs",Final decision maker,Senior member,Aligning HR with organisational goals,"Strategic, holistic HR solutions","Strategic alignment, effectiveness",Emphasis on strategic value,"Organisational goals, HR strategies",Professional Services
Director of HR,Strategic oversight,"Overseeing HR policies, strategic planning","Organisational strategy, HR needs",Final decision maker,Senior member,Aligning HR with educational goals,"Strategic, holistic HR solutions","Strategic alignment, effectiveness",Emphasis on strategic value,"Organisational goals, educational strategies",Education
Finance Manager,Evaluation of cost-effectiveness,"Budget management, financial planning",Budget allocation for new systems,Influencer,Advisor,Balancing cost and efficiency,Cost-effective solution with high ROI,"Cost, value for money, long-term benefits",Highlighting cost-efficiency and financial benefits,"Budget constraints, financial goals",Finance
Finance Manager,Cost analysis,"Budgeting, cost control","Budgetary constraints, provider cost",Decision influencer,Reviewer,Balancing cost and quality,"Cost-effective, reliable system","Cost, ROI, efficiency",Highlight cost-effectiveness,"Financial regulations, organisational budget",Healthcare
Finance Manager,Cost analysis,"Budgeting, cost control","Budgetary constraints, provider cost",Decision influencer,Reviewer,Balancing cost and quality,"Cost-effective, reliable system","Cost, ROI, efficiency",Highlight cost-effectiveness,"Financial regulations, organisational budget",Professional Services
Finance Manager,Cost analysis,"Budgeting, cost control","Budgetary constraints, provider cost",Decision influencer,Reviewer,Balancing cost and quality,"Cost-effective, reliable system","Cost, ROI, efficiency",Highlight cost-effectiveness,"Financial regulations, organisational budget",Education
Head of HR,Strategic HR management,"Leading HR functions, setting HR policies",Overarching HR needs,Final decision-maker,Chair,High-level HR challenges,"Comprehensive, strategic HR solution","Strategic impact, organizational fit","Leadership in HR strategy, organizational goals","Corporate strategy, HR best practices",Finance
Head of HR,Policy development,"Leadership in HR, policy formulation","Internal policy needs, external trends",Strategic influencer,Senior advisor,Keeping policies up-to-date,"Innovative, adaptable HR systems","Policy effectiveness, adaptability",Focus on innovation and adaptability,"HR innovations, regulatory changes",Healthcare
Head of HR,Policy development,"Leadership in HR, policy formulation","Internal policy needs, external trends",Strategic influencer,Senior advisor,Keeping policies up-to-date,"Innovative, adaptable HR systems","Policy effectiveness, adaptability",Focus on innovation and adaptability,"HR innovations, regulatory changes",Professional Services
Head of Safeguarding,Policy development,"Ensuring student safety, safeguarding policy creation","Safeguarding concerns, legal updates",Strategic influencer,Senior advisor,Maintaining a safe environment for students,"Comprehensive, safeguarding-focused system","Student safety, compliance",Focus on student safety and well-being,"Safeguarding laws, student welfare concerns",Education
HR Coordinator,Initial research and recommendation,"Employee onboarding, documentation",Need for efficient employee screening,Recommender,Active participant,Streamlining the onboarding process,"User-friendly, efficient background check system","Ease of use, accuracy, compliance",Emphasis on user experience and compliance,"HR best practices, legal requirements",Professional Services
HR Coordinator,Initial research and recommendation,"Employee onboarding, documentation",Need for efficient employee screening,Recommender,Active participant,Streamlining the onboarding process,"User-friendly, efficient background check system","Ease of use, accuracy, compliance",Emphasis on user experience and compliance,"HR best practices, legal requirements",Education
HR Director,Strategic oversight,Overall HR strategy and policy,Strategic HR initiatives,Final decision-maker,Chair,Aligning HR strategy with business goals,Solution aligned with strategic goals,"Strategic alignment, long-term value","Strategic HR management, business alignment","Organizational goals, HR trends",Finance
HR Director,Strategic oversight,"Overseeing HR policies, strategic planning","Organisational strategy, HR needs",Final decision maker,Senior member,Aligning HR with organisational goals,"Strategic, holistic HR solutions","Strategic alignment, effectiveness",Emphasis on strategic value,"Organisational goals, HR strategies",Healthcare
Human Resources Coordinator,Initial research and recommendation,"Employee onboarding, documentation",Need for efficient employee screening,Recommender,Active participant,Streamlining the onboarding process,"User-friendly, efficient background check system","Ease of use, accuracy, compliance",Emphasis on user experience and compliance,"HR best practices, legal requirements",Finance
Human Resources Coordinator,Initial research and recommendation,"Employee onboarding, documentation",Need for efficient employee screening,Recommender,Active participant,Streamlining the onboarding process,"User-friendly, efficient background check system","Ease of use, accuracy, compliance",Emphasis on user experience and compliance,"HR best practices, legal requirements",Healthcare
IT Manager,Technical assessment,Overseeing technology infrastructure,"Need for secure, reliable tech solutions",Key decision-maker,Technical lead,Ensuring compatibility and security,"Technologically advanced, secure solution","Technology compatibility, security, reliability",Emphasizing technical superiority and security,"Tech trends, security standards",Finance
IT Manager,Technical assessment,"System integration, data security","Technical requirements, data handling",Technical advisor,Technical advisor,Ensuring data security,"Secure, compatible background check system","Security, compatibility",Emphasise security and ease of integration,"IT best practices, data protection laws",Healthcare
IT Manager,Technical assessment,"System integration, data security","Technical requirements, data handling",Technical advisor,Technical advisor,Ensuring data security,"Secure, compatible background check system","Security, compatibility",Emphasise security and ease of integration,"IT best practices, data protection laws",Professional Services
IT Manager,Technical assessment,"System integration, data security","Technical requirements, data handling",Technical advisor,Technical advisor,Ensuring data security,"Secure, compatible background check system","Security, compatibility",Emphasise security and ease of integration,"IT best practices, data protection laws",Education
Legal Advisor,Legal and compliance oversight,Legal assessment of tools and processes,Legal compliance and risk assessment,Consultant,Advisor,Legal implications of background checks,Legally compliant and risk-averse solution,"Legal soundness, risk avoidance","Legal compliance, risk management","Legal regulations, industry standards",Finance
Legal Advisor,Compliance verification,"Legal vetting, contract management",Legal implications of provider selection,Consultant,Advisory role,Legal complexities,Legally sound and compliant system,"Legal compliance, risk management",Focus on legal safety and risk management,"Legal regulations, ethical standards",Healthcare
Legal Advisor,Compliance verification,"Legal vetting, contract management",Legal implications of provider selection,Consultant,Advisory role,Legal complexities,Legally sound and compliant system,"Legal compliance, risk management",Focus on legal safety and risk management,"Legal regulations, ethical standards",Professional Services
Legal Advisor,Compliance verification,"Legal vetting, contract management",Legal implications of provider selection,Consultant,Advisory role,Legal complexities,Legally sound and compliant system,"Legal compliance, risk management",Focus on legal safety and risk management,"Legal regulations, ethical standards",Education
Operations Manager,Operational integration,Streamlining operational processes,Need for operational efficiency,Influencer,Participant,Integrating new systems without disrupting current operations,"Easily integrable, efficient system","Operational efficiency, ease of integration","Streamlining operations, improving efficiency","Operational best practices, efficiency standards",Finance
Operations Manager,Operational integration,"Process management, operational efficiency","Operational needs, new system integration",Decision maker,Lead role,Integration with existing systems,"Seamless, integrable system","Operational efficiency, integration",Stress on operational improvement,"Operational best practices, efficiency metrics",Healthcare
Operations Manager,Operational integration,"Process management, operational efficiency","Operational needs, new system integration",Decision maker,Lead role,Integration with existing systems,"Seamless, integrable system","Operational efficiency, integration",Stress on operational improvement,"Operational best practices, efficiency metrics",Professional Services
Operations Manager,Operational integration,"Process management, operational efficiency","Operational needs, new system integration",Decision maker,Lead role,Integration with existing systems,"Seamless, integrable system","Operational efficiency, integration",Stress on operational improvement,"Operational best practices, efficiency metrics",Education
Procurement Manager,Vendor selection and negotiation,Sourcing and procuring services,Need for cost-effective vendors,Key decision-maker,Lead,Finding the best value for money,"Cost-effective, reliable vendor","Value for money, vendor reliability","Cost-saving strategies, vendor reliability","Market trends, vendor performance",Finance
Procurement Manager,Vendor selection,"Supplier evaluation, contract negotiation","Provider evaluation, contract renewal",Key decision maker,Chair,Finding the right provider,"Reliable, cost-effective provider","Value for money, reliability",Stress on long-term benefits,"Market trends, procurement policies",Healthcare
Procurement Manager,Vendor selection,"Supplier evaluation, contract negotiation","Provider evaluation, contract renewal",Key decision maker,Chair,Finding the right provider,"Reliable, cost-effective provider","Value for money, reliability",Stress on long-term benefits,"Market trends, procurement policies",Professional Services
Procurement Manager,Vendor selection,"Supplier evaluation, contract negotiation","Provider evaluation, contract renewal",Key decision maker,Chair,Finding the right provider,"Reliable, cost-effective provider","Value for money, reliability",Stress on long-term benefits,"Market trends, procurement policies",Education
Talent Acquisition Manager,Recruitment effectiveness,Talent acquisition strategies,Recruitment challenges,Influencer,Participant,Finding and retaining talent efficiently,Solution aiding in quick and compliant hiring,"Effectiveness, compliance, speed","Talent acquisition efficiency, legal compliance","Recruitment trends, industry challenges",Finance
Talent Acquisition Manager,Recruitment strategy,"Talent sourcing, recruitment","Staffing requirements, talent pool changes",Influencer,Participant,Attracting the right talent,"Efficient, comprehensive screening system","Quality of candidates, speed",Highlight efficiency and quality of hires,"Recruitment trends, labour market dynamics",Healthcare
Talent Acquisition Manager,Recruitment strategy,"Talent sourcing, recruitment","Staffing requirements, talent pool changes",Influencer,Participant,Attracting the right talent,"Efficient, comprehensive screening system","Quality of candidates, speed",Highlight efficiency and quality of hires,"Recruitment trends, labour market dynamics",Professional Services
Talent Acquisition Manager,Recruitment strategy,"Talent sourcing, recruitment","Staffing requirements, talent pool changes",Influencer,Participant,Attracting the right talent,"Efficient, comprehensive screening system","Quality of candidates, speed",Highlight efficiency and quality of hires,"Recruitment trends, labour market dynamics",Education
